{
  "ridge": {
    "train_rmse": 0.012277325281209549,
    "val_rmse": 0.015973041236611574,
    "train_mae": 0.008366209247428452,
    "val_mae": 0.010886555507121318
  },
  "random_forest": {
    "train_rmse": 0.012233330078063008,
    "val_rmse": 0.01477567361519996,
    "train_mae": 0.008343644646158586,
    "val_mae": 0.010089081861041833
  }
}